{
  "orientation": "Vertical",
  "nodeLayouts": {
    "inputs": {
      "x": 67.5,
      "y": 62,
      "index": -1
    },
    "outputs": {
      "x": 12,
      "y": 392,
      "index": -1
    },
    "chat": {
      "x": 12,
      "y": 282,
      "height": 75,
      "index": 0
    },
    "Index_lookup": {
      "x": 49.16650390625,
      "y": 172,
      "height": 75,
      "index": 1
    }
  },
  "viewport": {
    "transformMatrix": [
      1,
      0,
      0,
      1,
      89.44166564941406,
      -230.5
    ]
  }
}