{
  "nodes": {
    "chat": {
      "variant_0": {
        "inputs": {},
        "inputsValue": {}
      }
    },
    "Index_lookup": {
      "variant_0": {
        "inputs": {
          "index_type": [
            {
              "value": "Registered Index"
            }
          ],
          "acs_embedding_field": [],
          "cosmosdb_nosql_connection": [],
          "cosmosdb_nosql_container_name": [],
          "cosmosdb_nosql_content_field": [],
          "cosmosdb_nosql_database_name": [],
          "cosmosdb_nosql_embedding_field": [],
          "embedding_deployment": [],
          "embedding_model": [],
          "serverless_embedding_connection": [],
          "es_content_field": [],
          "es_embedding_field": [],
          "es_index_connection": [],
          "es_index_name": [],
          "es_metadata_field": [],
          "mlindex_asset_id": [
            {
              "display_value": "files-van-de-datascrapers-13-05-2025:1",
              "value": "azureml://locations/westeurope/workspaces/edb60b86-1dde-4bfa-a01c-2088518bb462/data/files-van-de-datascrapers-13-05-2025/versions/1"
            }
          ],
          "mongodb_collection": [],
          "mongodb_connection": [],
          "mongodb_content_field": [],
          "mongodb_database": [],
          "mongodb_embedding_field": [],
          "mongodb_index_name": [],
          "mongodb_search_index": [],
          "pinecone_content_field": [],
          "pinecone_index_connection": [],
          "pinecone_index_name": [],
          "pinecone_index_namespace": [],
          "pinecone_metadata_field": [],
          "postgres_connection": [],
          "postgres_content_field": [],
          "postgres_embedding_field": [],
          "postgres_search_type": [],
          "postgres_table_name": [],
          "qdrant_embedding_field": [],
          "qdrant_index_connection": [],
          "qdrant_index_name": [],
          "weaviate_collection": [],
          "weaviate_connection": [],
          "weaviate_content_field": [],
          "weaviate_embedding_field": [],
          "query_type": [
            {
              "display_value": "Hybrid (vector + keyword)",
              "value": "Hybrid (vector + keyword)"
            }
          ]
        },
        "inputsValue": {
          "index_type": "Registered Index",
          "acs_index_connection": "aisearchsocialekaartbot",
          "acs_content_field": "content",
          "acs_index_name": "bubbly-longan-cyc5cv665m",
          "acs_metadata_field": "meta_json_string",
          "embedding_type": "None",
          "mlindex_asset_id": "azureml://locations/westeurope/workspaces/edb60b86-1dde-4bfa-a01c-2088518bb462/data/files-van-de-datascrapers-13-05-2025/versions/1",
          "semantic_configuration": "azureml-default"
        }
      }
    }
  }
}